0	OMPM3PEC
1	OMPM1SPLEEN
2	OMPM3PEC
3	OMPM3PEC
4	OMPM3PEC
5	OMPM3PEC
6	OMPM3PEC
7	OMPM3PEC
8	OMPM3PEC
9	OMPM3PEC
10	OMPM1SPLEEN
11	OMPM3PEC
12	OMPM1SPLEEN
13	OMPM3PEC
14	OMPM3PEC
15	OMPM3PEC
16	OMPM3PEC
17	OMPM3PEC
18	OMPM1SPLEEN
19	UISPLEENM3
20	OMPM3PEC
21	OMPM3PEC
22	OMPM3PEC
23	OMPM3PEC
24	OMPM3PEC
25	OMPM3PEC
26	OMPM3PEC
27	OMPM3PEC
28	OMPM3PEC
29	OMPM3PEC
30	OMPM1SPLEEN
31	OMPM3PEC
32	OMPM3PEC
33	OMPM3PEC
34	OMPM3PEC
35	OMPM3PEC
36	OMPM3PEC
37	OMPM3PEC
38	OMPM3PEC
39	OMPM3PEC
40	OMPM1SPLEEN
41	OMPM3PEC
42	OMPM3PEC
43	OMPM3PEC
44	OMPM1SPLEEN
45	OMPM3PEC
46	OMPM1SPLEEN
47	OMPM1SPLEEN
48	OMPM3PEC
49	OMPM3PEC
50	OMPM3PEC
51	OMPM3PEC
52	OMPM3PEC
53	OMPM3PEC
54	OMPM3PEC
55	OMPM3PEC
56	OMPM3PEC
57	OMPM3PEC
58	OMPM3PEC
59	OMPM3PEC
60	OMPM3PEC
61	OMPM3PEC
62	OMPM3PEC
63	OMPM3PEC
64	OMPM3PEC
65	OMPM3PEC
66	OMPM3PEC
67	OMPM3PEC
68	OMPM3PEC
69	OMPM1SPLEEN
70	OMPM3PEC
71	OMPM3PEC
72	OMPM3PEC
73	OMPM3PEC
74	OMPM3PEC
75	OMPM1SPLEEN
76	OMPM3PEC
77	OMPM1SPLEEN
78	OMPM3PEC
79	OMPM3PEC
80	OMPM3PEC
81	OMPM3PEC
82	OMPM3PEC
83	OMPM3PEC
84	OMPM3PEC
85	OMPM3PEC
86	OMPM3PEC
87	OMPM1SPLEEN
88	OMPM3PEC
89	OMPM3PEC
90	OMPM3PEC
91	OMPM3PEC
92	OMPM3PEC
93	OMPM3PEC
94	OMPM3PEC
95	OMPM1SPLEEN
96	OMPM3PEC
97	OMPM3PEC
98	OMPM3PEC
99	OMPM3PEC
100	OMPM3PEC
101	OMPM3PEC
102	OMPM3PEC
103	OMPM1SPLEEN
104	OMPM3PEC
105	OMPM3PEC
106	OMPM3PEC
107	OMPM3PEC
108	OMPM3PEC
109	OMPM3PEC
110	OMPM3PEC
111	OMPM3PEC
112	OMPM1SPLEEN
113	OMPM3PEC
114	OMPM3PEC
115	OMPM3PEC
116	OMPM3PEC
117	OMPM3PEC
118	OMPM3PEC
119	OMPM3PEC
120	OMPM3PEC
121	OMPM3PEC
122	OMPM1SPLEEN
123	OMPM3PEC
124	OMPM3PEC
125	OMPM3PEC
126	OMPM3PEC
127	OMPM3PEC
128	OMPM3PEC
129	OMPM3PEC
130	OMPM3PEC
131	OMPM3PEC
132	OMPM3PEC
133	OMPM3PEC
134	OMPM3PEC
135	OMPM1SPLEEN
136	OMPM3PEC
137	OMPM3PEC
138	OMPM3PEC
139	OMPM3PEC
140	OMPM3PEC
141	OMPM3PEC
142	OMPM3PEC
143	OMPM3PEC
144	OMPM3PEC
145	OMPM3PEC
146	OMPM3PEC
147	OMPM3PEC
148	OMPM1SPLEEN
149	OMPM3PEC
150	OMPM3PEC
151	OMPM3PEC
152	OMPM1SPLEEN
153	OMPM3PEC
154	OMPM3PEC
155	OMPM3PEC
156	OMPM3PEC
157	OMPM3PEC
158	OMPM3PEC
159	OMPM3PEC
160	OMPM3PEC
161	OMPM3PEC
162	OMPM3PEC
163	OMPM3PEC
164	OMPM3PEC
165	OMPM3PEC
166	OMPM3PEC
167	OMPM3PEC
168	OMPM3PEC
169	OMPM3PEC
170	OMPM3PEC
171	OMPM3PEC
172	OMPM3PEC
173	OMPM3PEC
174	OMPM3PEC
175	OMPM3PEC
176	OMPM3PEC
177	OMPM3PEC
178	OMPM3PEC
179	OMPM3PEC
180	OMPM3PEC
181	OMPM3PEC
182	OMPM3PEC
183	OMPM3PEC
184	OMPM3PEC
185	OMPM3PEC
186	OMPM3PEC
187	OMPM3PEC
188	OMPM3PEC
189	OMPM3PEC
190	OMPM3PEC
191	OMPM3PEC
192	OMPM3PEC
193	OMPM1SPLEEN
194	OMPM3PEC
195	OMPM3PEC
196	OMPM1SPLEEN
197	OMPM3PEC
198	OMPM3PEC
199	OMPM3PEC
200	OMPM1SPLEEN
201	OMPM3PEC
202	OMPM3PEC
203	OMPM1SPLEEN
204	OMPM3PEC
205	OMPM1SPLEEN
206	OMPM3PEC
207	OMPM3PEC
208	OMPM3PEC
209	OMPM3PEC
210	OMPM3PEC
211	OMPM3PEC
212	OMPM3PEC
213	OMPM3PEC
214	OMPM3PEC
215	OMPM1SPLEEN
216	OMPM3PEC
217	UISPLEENM3
218	OMPM3PEC
219	OMPM3PEC
220	OMPM3PEC
221	OMPM3PEC
222	OMPM1SPLEEN
223	OMPM3PEC
224	OMPM3PEC
225	OMPM3PEC
226	OMPM3PEC
227	OMPM3PEC
228	OMPM3PEC
229	OMPM1SPLEEN
230	UISPLEENM3
231	UISPLEENM3
232	OMPM3PEC
233	OMPM3PEC
234	OMPM3PEC
235	OMPM3PEC
236	OMPM3PEC
237	OMPM1SPLEEN
238	OMPM1SPLEEN
239	OMPM3PEC
240	OMPM1SPLEEN
241	OMPM3PEC
242	OMPM3PEC
243	OMPM3PEC
244	OMPM3PEC
245	OMPM3PEC
246	OMPM3PEC
247	OMPM3PEC
248	OMPM3PEC
249	OMPM3PEC
250	OMPM1SPLEEN
251	OMPM3PEC
252	OMPM3PEC
253	OMPM3PEC
254	OMPM3PEC
255	OMPM3PEC
256	OMPM3PEC
257	OMPM3PEC
258	OMPM1SPLEEN
259	OMPM3PEC
260	OMPM3PEC
261	OMPM3PEC
262	OMPM3PEC
263	OMPM3PEC
264	OMPM3PEC
265	OMPM3PEC
266	OMPM3PEC
267	OMPM3PEC
268	OMPM1SPLEEN
269	OMPM3PEC
270	OMPM3PEC
271	OMPM3PEC
272	OMPM3PEC
273	OMPM3PEC
274	OMPM3PEC
275	OMPM1SPLEEN
276	OMPM3PEC
277	OMPM3PEC
278	OMPM1SPLEEN
279	OMPM3PEC
280	OMPM3PEC
281	OMPM3PEC
282	OMPM3PEC
283	OMPM3PEC
284	OMPM3PEC
285	OMPM1SPLEEN
286	OMPM3PEC
287	OMPM1SPLEEN
288	OMPM3PEC
289	OMPM3PEC
290	UISPLEENM3
291	OMPM1SPLEEN
292	OMPM3PEC
293	OMPM3PEC
294	OMPM3PEC
295	OMPM3PEC
296	OMPM3PEC
297	OMPM3PEC
298	OMPM3PEC
299	OMPM3PEC
300	OMPM3PEC
301	OMPM3PEC
302	OMPM3PEC
303	OMPM3PEC
304	OMPM3PEC
305	OMPM3PEC
306	OMPM3PEC
307	OMPM3PEC
308	OMPM3PEC
309	OMPM1SPLEEN
310	OMPM1SPLEEN
311	OMPM3PEC
312	OMPM3PEC
313	OMPM3PEC
314	OMPM3PEC
315	OMPM3PEC
316	OMPM3PEC
317	OMPM3PEC
318	OMPM3PEC
319	OMPM3PEC
320	OMPM3PEC
321	OMPM3PEC
322	OMPM3PEC
323	OMPM1SPLEEN
324	OMPM3PEC
325	OMPM3PEC
326	OMPM3PEC
327	OMPM3PEC
328	OMPM3PEC
329	OMPM3PEC
330	OMPM3PEC
331	OMPM3PEC
332	OMPM3PEC
333	OMPM3PEC
334	OMPM1SPLEEN
335	OMPM3PEC
336	OMPM3PEC
337	OMPM3PEC
338	OMPM3PEC
339	OMPM3PEC
340	OMPM3PEC
341	OMPM3PEC
342	OMPM3PEC
343	OMPM3PEC
344	OMPM3PEC
345	OMPM3PEC
346	OMPM1SPLEEN
347	OMPM3PEC
348	OMPM3PEC
349	OMPM3PEC
350	OMPM3PEC
351	OMPM3PEC
352	OMPM3PEC
353	OMPM3PEC
354	OMPM3PEC
355	OMPM3PEC
356	OMPM3PEC
357	OMPM3PEC
358	OMPM3PEC
359	OMPM3PEC
360	OMPM3PEC
361	OMPM3PEC
362	OMPM3PEC
363	OMPM3PEC
364	OMPM1SPLEEN
365	OMPM3PEC
366	OMPM3PEC
367	OMPM3PEC
368	OMPM3PEC
369	OMPM3PEC
370	OMPM3PEC
371	OMPM3PEC
372	OMPM3PEC
373	OMPM3PEC
374	OMPM3PEC
375	UISPLEENM3
376	OMPM3PEC
377	OMPM3PEC
378	OMPM3PEC
379	OMPM3PEC
380	OMPM3PEC
381	OMPM1SPLEEN
382	OMPM1SPLEEN
383	OMPM3PEC
384	OMPM3PEC
385	OMPM3PEC
386	OMPM3PEC
387	OMPM3PEC
388	OMPM3PEC
389	OMPM3PEC
390	OMPM3PEC
391	OMPM3PEC
392	OMPM1SPLEEN
393	OMPM1SPLEEN
394	OMPM3PEC
395	OMPM3PEC
396	OMPM3PEC
397	OMPM3PEC
398	OMPM3PEC
399	OMPM3PEC
400	OMPM3PEC
401	OMPM3PEC
402	OMPM3PEC
403	OMPM3PEC
404	OMPM3PEC
405	UISPLEENM3
406	OMPM3PEC
407	OMPM3PEC
408	OMPM3PEC
409	OMPM3PEC
410	OMPM3PEC
411	OMPM3PEC
412	OMPM3PEC
413	OMPM3PEC
414	OMPM3PEC
415	OMPM3PEC
416	OMPM3PEC
417	OMPM3PEC
418	OMPM3PEC
419	OMPM3PEC
420	OMPM3PEC
421	OMPM3PEC
422	OMPM3PEC
423	OMPM3PEC
424	OMPM3PEC
425	OMPM3PEC
426	OMPM1SPLEEN
427	OMPM3PEC
428	OMPM3PEC
429	OMPM3PEC
430	OMPM1SPLEEN
431	OMPM3PEC
432	OMPM3PEC
433	OMPM1SPLEEN
434	OMPM3PEC
435	OMPM3PEC
436	OMPM3PEC
437	OMPM3PEC
438	OMPM3PEC
439	OMPM3PEC
440	OMPM3PEC
441	OMPM3PEC
442	OMPM3PEC
443	OMPM3PEC
444	OMPM3PEC
445	OMPM3PEC
446	OMPM3PEC
447	OMPM3PEC
448	OMPM1SPLEEN
449	OMPM1SPLEEN
450	OMPM3PEC
451	OMPM3PEC
452	OMPM3PEC
453	OMPM3PEC
454	OMPM3PEC
455	OMPM3PEC
456	OMPM3PEC
457	OMPM3PEC
458	OMPM3PEC
459	OMPM3PEC
460	OMPM3PEC
461	OMPM3PEC
462	OMPM3PEC
463	OMPM3PEC
464	OMPM1SPLEEN
465	OMPM3PEC
466	OMPM3PEC
467	OMPM3PEC
468	OMPM3PEC
469	OMPM3PEC
470	OMPM1SPLEEN
471	OMPM3PEC
472	OMPM3PEC
473	OMPM3PEC
474	OMPM3PEC
475	OMPM3PEC
476	OMPM1SPLEEN
477	OMPM3PEC
478	OMPM3PEC
479	OMPM3PEC
480	OMPM3PEC
481	OMPM3PEC
482	OMPM3PEC
483	OMPM3PEC
484	OMPM3PEC
485	OMPM3PEC
486	OMPM1SPLEEN
487	OMPM3PEC
488	OMPM3PEC
489	OMPM3PEC
490	OMPM3PEC
491	OMPM3PEC
492	OMPM3PEC
493	OMPM3PEC
494	OMPM3PEC
495	OMPM3PEC
496	OMPM3PEC
497	OMPM3PEC
498	OMPM3PEC
499	OMPM3PEC
500	OMPM3PEC
501	OMPM1SPLEEN
502	OMPM3PEC
503	OMPM3PEC
504	OMPM3PEC
505	OMPM1SPLEEN
506	OMPM3PEC
507	OMPM3PEC
508	OMPM1SPLEEN
509	OMPM3PEC
510	OMPM1SPLEEN
511	OMPM3PEC
512	OMPM3PEC
513	OMPM3PEC
514	OMPM3PEC
515	OMPM3PEC
516	OMPM3PEC
517	OMPM3PEC
518	OMPM3PEC
519	OMPM3PEC
520	OMPM3PEC
521	OMPM3PEC
522	OMPM3PEC
523	OMPM3PEC
524	OMPM3PEC
525	OMPM3PEC
526	OMPM3PEC
527	OMPM3PEC
528	OMPM3PEC
529	OMPM3PEC
530	OMPM3PEC
531	OMPM3PEC
532	OMPM1SPLEEN
533	OMPM3PEC
534	OMPM3PEC
535	OMPM3PEC
536	OMPM3PEC
537	OMPM3PEC
538	OMPM3PEC
539	OMPM3PEC
540	OMPM3PEC
541	OMPM1SPLEEN
542	OMPM3PEC
543	OMPM3PEC
544	OMPM3PEC
545	OMPM3PEC
546	OMPM3PEC
547	OMPM3PEC
548	OMPM3PEC
549	OMPM1SPLEEN
550	OMPM3PEC
551	OMPM3PEC
552	OMPM3PEC
553	OMPM3PEC
554	OMPM3PEC
555	OMPM3PEC
556	OMPM3PEC
557	OMPM3PEC
558	OMPM3PEC
559	OMPM3PEC
560	OMPM3PEC
561	OMPM3PEC
562	OMPM3PEC
563	OMPM3PEC
564	OMPM3PEC
565	OMPM3PEC
566	OMPM3PEC
567	OMPM3PEC
568	OMPM3PEC
569	OMPM3PEC
570	OMPM3PEC
571	OMPM3PEC
572	OMPM3PEC
573	OMPM3PEC
574	OMPM1SPLEEN
575	OMPM3PEC
576	OMPM3PEC
577	OMPM3PEC
578	OMPM3PEC
579	OMPM3PEC
580	OMPM1SPLEEN
581	OMPM3PEC
582	OMPM3PEC
583	OMPM3PEC
584	OMPM3PEC
585	OMPM3PEC
586	OMPM3PEC
587	OMPM3PEC
588	OMPM3PEC
589	OMPM3PEC
590	OMPM3PEC
591	OMPM3PEC
592	OMPM3PEC
593	OMPM3PEC
594	OMPM3PEC
595	OMPM3PEC
596	OMPM3PEC
597	OMPM3PEC
598	OMPM3PEC
599	OMPM3PEC
600	OMPM3PEC
601	OMPM3PEC
602	OMPM1SPLEEN
603	OMPM3PEC
604	OMPM1SPLEEN
605	OMPM3PEC
606	OMPM3PEC
607	OMPM3PEC
608	OMPM3PEC
609	OMPM3PEC
610	OMPM3PEC
611	OMPM3PEC
612	OMPM3PEC
613	OMPM3PEC
614	OMPM3PEC
615	OMPM3PEC
616	OMPM3PEC
617	OMPM3PEC
618	OMPM3PEC
619	OMPM3PEC
620	OMPM1SPLEEN
621	OMPM3PEC
622	OMPM3PEC
623	OMPM3PEC
624	OMPM3PEC
625	OMPM3PEC
626	OMPM1SPLEEN
627	OMPM3PEC
628	OMPM3PEC
629	OMPM3PEC
630	OMPM3PEC
631	OMPM3PEC
632	OMPM3PEC
633	OMPM3PEC
634	OMPM1SPLEEN
635	OMPM3PEC
636	OMPM3PEC
637	OMPM3PEC
638	OMPM3PEC
639	OMPM3PEC
640	OMPM3PEC
641	OMPM3PEC
642	OMPM3PEC
643	OMPM3PEC
644	OMPM3PEC
645	OMPM3PEC
646	OMPM3PEC
647	UISPLEENM3
648	OMPM1SPLEEN
649	OMPM3PEC
650	OMPM3PEC
651	OMPM3PEC
652	OMPM3PEC
653	OMPM3PEC
654	OMPM3PEC
655	OMPM3PEC
656	OMPM3PEC
657	OMPM3PEC
658	OMPM3PEC
659	OMPM3PEC
660	OMPM3PEC
661	OMPM3PEC
662	OMPM3PEC
663	OMPM3PEC
664	OMPM3PEC
665	OMPM3PEC
666	OMPM3PEC
667	OMPM3PEC
668	OMPM1SPLEEN
669	OMPM3PEC
670	OMPM1SPLEEN
671	OMPM3PEC
672	OMPM3PEC
673	OMPM3PEC
674	OMPM3PEC
675	OMPM3PEC
676	OMPM3PEC
677	OMPM3PEC
678	OMPM3PEC
679	OMPM3PEC
680	OMPM3PEC
681	OMPM3PEC
682	OMPM3PEC
683	OMPM3PEC
684	OMPM3PEC
685	OMPM3PEC
686	OMPM3PEC
687	OMPM3PEC
688	OMPM3PEC
689	OMPM3PEC
690	OMPM3PEC
691	OMPM3PEC
692	OMPM3PEC
693	OMPM1SPLEEN
694	OMPM3PEC
695	OMPM1SPLEEN
696	OMPM3PEC
697	OMPM3PEC
698	OMPM3PEC
699	OMPM3PEC
700	OMPM3PEC
701	OMPM3PEC
702	OMPM3PEC
703	OMPM3PEC
704	OMPM3PEC
705	OMPM3PEC
706	OMPM3PEC
707	OMPM3PEC
708	OMPM1SPLEEN
709	OMPM3PEC
710	OMPM3PEC
711	OMPM3PEC
712	OMPM3PEC
713	OMPM1SPLEEN
714	OMPM3PEC
715	OMPM3PEC
716	OMPM3PEC
717	OMPM3PEC
718	OMPM3PEC
719	OMPM3PEC
720	OMPM3PEC
721	OMPM3PEC
722	OMPM3PEC
723	OMPM3PEC
